1.540000e+003, 8.420577e-008, 9.634087e-006
1.540010e+003, 7.924091e-008, 9.988747e-006
1.540020e+003, 8.045263e-008, 9.808055e-006
1.540030e+003, 8.264708e-008, 9.922481e-006
1.540040e+003, 8.568099e-008, 1.000841e-005
1.540050e+003, 8.233228e-008, 9.731650e-006
1.540060e+003, 8.498894e-008, 9.700500e-006
1.540070e+003, 8.410935e-008, 9.604059e-006
1.540080e+003, 8.212832e-008, 9.808324e-006
1.540090e+003, 8.096717e-008, 9.697786e-006
1.540100e+003, 8.025190e-008, 1.001091e-005
1.540110e+003, 8.187479e-008, 9.725492e-006
1.540120e+003, 7.974206e-008, 9.873076e-006
1.540130e+003, 7.876753e-008, 9.881334e-006
1.540140e+003, 7.975868e-008, 9.694244e-006
1.540150e+003, 8.840502e-008, 1.001059e-005
1.540160e+003, 8.311153e-008, 9.897484e-006
1.540170e+003, 7.632030e-008, 9.753569e-006
1.540180e+003, 8.187008e-008, 1.005196e-005
1.540190e+003, 8.104350e-008, 9.880308e-006
1.540200e+003, 8.229512e-008, 1.004528e-005
1.540210e+003, 8.274321e-008, 9.803146e-006
1.540220e+003, 8.082712e-008, 9.981071e-006
1.540230e+003, 8.097908e-008, 9.889913e-006
1.540240e+003, 8.548765e-008, 9.705754e-006
1.540250e+003, 8.409822e-008, 9.710687e-006
1.540260e+003, 8.208370e-008, 9.863938e-006
1.540270e+003, 8.323917e-008, 9.993289e-006
1.540280e+003, 8.300695e-008, 9.660819e-006
1.540290e+003, 7.549001e-008, 9.656762e-006
1.540300e+003, 7.784728e-008, 9.667416e-006
1.540310e+003, 7.918541e-008, 9.883703e-006
1.540320e+003, 7.740239e-008, 9.868630e-006
1.540330e+003, 8.084301e-008, 9.677898e-006
1.540340e+003, 8.588345e-008, 9.602714e-006
1.540350e+003, 8.628223e-008, 9.629664e-006
1.540360e+003, 8.508562e-008, 9.758919e-006
1.540370e+003, 8.967226e-008, 9.647919e-006
1.540380e+003, 8.732172e-008, 9.734216e-006
1.540390e+003, 8.333931e-008, 9.748217e-006
1.540400e+003, 8.412398e-008, 9.555214e-006
1.540410e+003, 8.801914e-008, 9.888347e-006
1.540420e+003, 8.257939e-008, 9.707072e-006
1.540430e+003, 8.361616e-008, 9.927880e-006
1.540440e+003, 8.400056e-008, 9.541237e-006
1.540450e+003, 8.687855e-008, 9.593772e-006
1.540460e+003, 8.769421e-008, 9.835204e-006
1.540470e+003, 8.710459e-008, 9.572123e-006
1.540480e+003, 8.904027e-008, 9.505199e-006
1.540490e+003, 8.749917e-008, 9.584657e-006
1.540500e+003, 8.885536e-008, 9.578695e-006
1.540510e+003, 8.349124e-008, 9.922090e-006
1.540520e+003, 8.483087e-008, 9.622361e-006
1.540530e+003, 8.141429e-008, 9.770650e-006
1.540540e+003, 8.460010e-008, 9.949944e-006
1.540550e+003, 8.652736e-008, 9.563180e-006
1.540560e+003, 8.327486e-008, 9.678166e-006
1.540570e+003, 8.596845e-008, 9.616178e-006
1.540580e+003, 8.550325e-008, 9.798478e-006
1.540590e+003, 8.401368e-008, 9.929397e-006
1.540600e+003, 8.364366e-008, 9.985250e-006
1.540610e+003, 8.695490e-008, 9.855212e-006
1.540620e+003, 8.601580e-008, 9.888222e-006
1.540630e+003, 8.448335e-008, 9.710247e-006
1.540640e+003, 8.392893e-008, 9.987692e-006
1.540650e+003, 8.773660e-008, 9.877424e-006
1.540660e+003, 8.760919e-008, 9.750393e-006
1.540670e+003, 8.650208e-008, 9.736196e-006
1.540680e+003, 8.738017e-008, 9.724494e-006
1.540690e+003, 9.119305e-008, 9.891743e-006
1.540700e+003, 8.858993e-008, 9.799627e-006
1.540710e+003, 8.799585e-008, 9.602691e-006
1.540720e+003, 9.104880e-008, 9.715720e-006
1.540730e+003, 8.775666e-008, 9.644667e-006
1.540740e+003, 8.640814e-008, 9.999742e-006
1.540750e+003, 8.723323e-008, 9.994708e-006
1.540760e+003, 8.868881e-008, 9.947232e-006
1.540770e+003, 9.129491e-008, 9.960792e-006
1.540780e+003, 9.256242e-008, 9.786067e-006
1.540790e+003, 8.828457e-008, 9.668319e-006
1.540800e+003, 8.485365e-008, 9.989137e-006
1.540810e+003, 8.678983e-008, 1.003475e-005
1.540820e+003, 8.662254e-008, 9.908307e-006
1.540830e+003, 8.529803e-008, 1.012289e-005
1.540840e+003, 8.693457e-008, 9.806664e-006
1.540850e+003, 8.825658e-008, 9.802608e-006
1.540860e+003, 8.856785e-008, 9.838841e-006
1.540870e+003, 8.802086e-008, 9.796403e-006
1.540880e+003, 9.041729e-008, 9.780008e-006
1.540890e+003, 9.036823e-008, 9.871512e-006
1.540900e+003, 8.975827e-008, 9.648088e-006
1.540910e+003, 9.066588e-008, 9.705385e-006
1.540920e+003, 8.605645e-008, 1.005201e-005
1.540930e+003, 8.570302e-008, 9.792052e-006
1.540940e+003, 8.774726e-008, 9.944422e-006
1.540950e+003, 8.643217e-008, 9.688600e-006
1.540960e+003, 9.220378e-008, 9.984249e-006
1.540970e+003, 8.917658e-008, 9.943152e-006
1.540980e+003, 9.002373e-008, 9.807714e-006
1.540990e+003, 9.212345e-008, 9.655639e-006
1.541000e+003, 8.971291e-008, 9.606842e-006
1.541010e+003, 8.875573e-008, 1.005909e-005
1.541020e+003, 8.918451e-008, 9.801630e-006
1.541030e+003, 8.773164e-008, 1.007786e-005
1.541040e+003, 8.747413e-008, 9.765125e-006
1.541050e+003, 9.169719e-008, 1.000819e-005
1.541060e+003, 9.174921e-008, 9.672131e-006
1.541070e+003, 9.168404e-008, 9.820884e-006
1.541080e+003, 8.958279e-008, 9.939461e-006
1.541090e+003, 8.864073e-008, 9.618084e-006
1.541100e+003, 8.898895e-008, 9.879647e-006
1.541110e+003, 8.550325e-008, 9.824746e-006
1.541120e+003, 8.460233e-008, 9.665264e-006
1.541130e+003, 8.142642e-008, 9.696686e-006
1.541140e+003, 8.216031e-008, 9.966729e-006
1.541150e+003, 8.058522e-008, 9.955468e-006
1.541160e+003, 7.927166e-008, 9.614540e-006
1.541170e+003, 7.937376e-008, 9.889006e-006
1.541180e+003, 7.806414e-008, 9.813505e-006
1.541190e+003, 8.093966e-008, 9.635847e-006
1.541200e+003, 8.352445e-008, 9.802070e-006
1.541210e+003, 8.651792e-008, 9.857364e-006
1.541220e+003, 8.701908e-008, 9.929029e-006
1.541230e+003, 8.898821e-008, 9.933353e-006
1.541240e+003, 8.714574e-008, 9.798406e-006
1.541250e+003, 8.683443e-008, 9.626878e-006
1.541260e+003, 8.681536e-008, 9.743675e-006
1.541270e+003, 8.693507e-008, 9.645817e-006
1.541280e+003, 8.785209e-008, 9.765640e-006
1.541290e+003, 8.650281e-008, 9.769404e-006
1.541300e+003, 8.609808e-008, 9.983223e-006
1.541310e+003, 8.416786e-008, 9.715869e-006
1.541320e+003, 8.456689e-008, 9.800458e-006
1.541330e+003, 8.545369e-008, 9.953535e-006
1.541340e+003, 8.286741e-008, 9.849546e-006
1.541350e+003, 8.276927e-008, 9.787606e-006
1.541360e+003, 8.400626e-008, 9.710689e-006
1.541370e+003, 8.671769e-008, 9.550106e-006
1.541380e+003, 8.798938e-008, 9.857316e-006
1.541390e+003, 8.639525e-008, 9.539161e-006
1.541400e+003, 8.798295e-008, 9.775315e-006
1.541410e+003, 8.715341e-008, 9.678631e-006
1.541420e+003, 8.547845e-008, 9.703479e-006
1.541430e+003, 8.255215e-008, 9.714572e-006
1.541440e+003, 8.208471e-008, 9.624926e-006
1.541450e+003, 8.173624e-008, 9.839771e-006
1.541460e+003, 8.157365e-008, 9.974158e-006
1.541470e+003, 8.035869e-008, 9.737124e-006
1.541480e+003, 7.800938e-008, 9.860908e-006
1.541490e+003, 7.677981e-008, 9.562666e-006
1.541500e+003, 6.983464e-008, 9.743210e-006
1.541510e+003, 6.475703e-008, 9.767424e-006
1.541520e+003, 4.378900e-008, 9.768204e-006
1.541530e+003, 2.109942e-008, 9.973548e-006
1.541540e+003, 9.279531e-009, 9.952996e-006
1.541550e+003, 3.395944e-008, 9.777711e-006
1.541560e+003, 6.527033e-008, 9.669394e-006
1.541570e+003, 7.402623e-008, 9.733925e-006
1.541580e+003, 7.646828e-008, 9.890057e-006
1.541590e+003, 7.932370e-008, 9.889642e-006
1.541600e+003, 7.954677e-008, 9.791807e-006
1.541610e+003, 8.190182e-008, 9.742329e-006
1.541620e+003, 8.164876e-008, 9.942563e-006
1.541630e+003, 8.227926e-008, 1.007783e-005
1.541640e+003, 8.179969e-008, 9.953830e-006
1.541650e+003, 8.267013e-008, 9.787192e-006
1.541660e+003, 8.335913e-008, 9.933159e-006
1.541670e+003, 8.255090e-008, 1.001057e-005
1.541680e+003, 8.347189e-008, 9.663238e-006
1.541690e+003, 8.469800e-008, 9.643667e-006
1.541700e+003, 8.454927e-008, 9.829827e-006
1.541710e+003, 8.470072e-008, 1.007810e-005
1.541720e+003, 8.434903e-008, 9.784675e-006
1.541730e+003, 8.557886e-008, 9.957444e-006
1.541740e+003, 8.317350e-008, 9.708954e-006
1.541750e+003, 8.385756e-008, 9.716578e-006
1.541760e+003, 8.277148e-008, 9.651412e-006
1.541770e+003, 8.418841e-008, 9.800580e-006
1.541780e+003, 8.541156e-008, 9.722611e-006
1.541790e+003, 8.665402e-008, 9.678729e-006
1.541800e+003, 8.694548e-008, 9.635918e-006
1.541810e+003, 8.581630e-008, 9.730136e-006
1.541820e+003, 8.564056e-008, 9.977383e-006
1.541830e+003, 8.276454e-008, 9.707169e-006
1.541840e+003, 8.224828e-008, 9.537695e-006
1.541850e+003, 8.437926e-008, 9.762999e-006
1.541860e+003, 8.140685e-008, 9.794985e-006
1.541870e+003, 8.178929e-008, 9.746409e-006
1.541880e+003, 8.026328e-008, 9.685375e-006
1.541890e+003, 8.145394e-008, 9.875858e-006
1.541900e+003, 8.012920e-008, 9.886441e-006
1.541910e+003, 8.187701e-008, 9.934211e-006
1.541920e+003, 7.884881e-008, 9.810012e-006
1.541930e+003, 7.914352e-008, 9.972397e-006
1.541940e+003, 7.958642e-008, 9.834616e-006
1.541950e+003, 8.150796e-008, 9.554238e-006
1.541960e+003, 7.927562e-008, 9.650262e-006
1.541970e+003, 8.193475e-008, 9.817438e-006
1.541980e+003, 8.095354e-008, 9.932473e-006
1.541990e+003, 8.020653e-008, 9.612951e-006
1.542000e+003, 8.188643e-008, 9.782622e-006
1.542010e+003, 8.207925e-008, 9.655687e-006
1.542020e+003, 7.938763e-008, 9.679805e-006
1.542030e+003, 7.743239e-008, 9.819322e-006
1.542040e+003, 7.564294e-008, 9.746042e-006
1.542050e+003, 7.343040e-008, 1.003270e-005
1.542060e+003, 7.259715e-008, 1.001435e-005
1.542070e+003, 7.035960e-008, 9.809204e-006
1.542080e+003, 6.934295e-008, 9.812185e-006
1.542090e+003, 6.713413e-008, 9.926464e-006
1.542100e+003, 6.542127e-008, 9.645696e-006
1.542110e+003, 6.541556e-008, 9.831682e-006
1.542120e+003, 6.720627e-008, 9.870610e-006
1.542130e+003, 6.797185e-008, 9.955028e-006
1.542140e+003, 6.873050e-008, 9.772726e-006
1.542150e+003, 7.058637e-008, 9.718091e-006
1.542160e+003, 7.201546e-008, 9.839137e-006
1.542170e+003, 7.181843e-008, 1.001887e-005
1.542180e+003, 7.412414e-008, 9.722367e-006
1.542190e+003, 7.516881e-008, 9.784723e-006
1.542200e+003, 7.741554e-008, 1.000849e-005
1.542210e+003, 7.926867e-008, 9.918816e-006
1.542220e+003, 7.815584e-008, 1.010148e-005
1.542230e+003, 7.879008e-008, 9.680831e-006
1.542240e+003, 7.983824e-008, 1.002185e-005
1.542250e+003, 8.111142e-008, 9.631229e-006
1.542260e+003, 8.087869e-008, 9.786628e-006
1.542270e+003, 8.029552e-008, 9.777785e-006
1.542280e+003, 7.813353e-008, 9.830488e-006
1.542290e+003, 7.847657e-008, 9.803121e-006
1.542300e+003, 8.098824e-008, 9.693436e-006
1.542310e+003, 8.127276e-008, 9.589545e-006
1.542320e+003, 7.985582e-008, 9.922580e-006
1.542330e+003, 7.985977e-008, 9.780054e-006
1.542340e+003, 7.972794e-008, 9.585683e-006
1.542350e+003, 7.793800e-008, 9.708268e-006
1.542360e+003, 7.862105e-008, 9.967830e-006
1.542370e+003, 7.656294e-008, 1.000140e-005
1.542380e+003, 7.824409e-008, 9.927271e-006
1.542390e+003, 8.006004e-008, 9.815410e-006
1.542400e+003, 8.014310e-008, 9.669173e-006
1.542410e+003, 8.145691e-008, 9.750686e-006
1.542420e+003, 7.908948e-008, 9.689895e-006
1.542430e+003, 7.957848e-008, 9.698863e-006
1.542440e+003, 7.985682e-008, 9.927953e-006
1.542450e+003, 8.154764e-008, 9.630886e-006
1.542460e+003, 7.681475e-008, 9.892648e-006
1.542470e+003, 7.485180e-008, 9.796819e-006
1.542480e+003, 7.587219e-008, 9.673475e-006
1.542490e+003, 7.790378e-008, 9.886026e-006
1.542500e+003, 7.838164e-008, 9.937995e-006
1.542510e+003, 7.576735e-008, 9.957203e-006
1.542520e+003, 7.760910e-008, 9.638266e-006
1.542530e+003, 7.924092e-008, 9.733630e-006
1.542540e+003, 7.739496e-008, 9.797940e-006
1.542550e+003, 7.591977e-008, 9.727693e-006
1.542560e+003, 7.650915e-008, 9.953829e-006
1.542570e+003, 7.597033e-008, 9.858659e-006
1.542580e+003, 7.476704e-008, 9.993681e-006
1.542590e+003, 7.602982e-008, 9.979509e-006
1.542600e+003, 7.707646e-008, 1.001995e-005
1.542610e+003, 7.932296e-008, 1.001762e-005
1.542620e+003, 7.813206e-008, 9.937728e-006
1.542630e+003, 7.997777e-008, 1.004633e-005
1.542640e+003, 7.999041e-008, 9.995561e-006
1.542650e+003, 8.182374e-008, 1.008418e-005
1.542660e+003, 8.108066e-008, 9.872831e-006
1.542670e+003, 7.929521e-008, 9.980706e-006
1.542680e+003, 7.935270e-008, 9.806055e-006
1.542690e+003, 8.222175e-008, 9.783305e-006
1.542700e+003, 8.335319e-008, 9.684738e-006
1.542710e+003, 8.408532e-008, 9.813089e-006
1.542720e+003, 8.242575e-008, 9.847958e-006
1.542730e+003, 8.357453e-008, 9.648748e-006
1.542740e+003, 8.488561e-008, 9.820420e-006
1.542750e+003, 8.427295e-008, 9.948308e-006
1.542760e+003, 8.478970e-008, 9.734217e-006
1.542770e+003, 8.610404e-008, 9.715574e-006
1.542780e+003, 8.508290e-008, 9.941152e-006
1.542790e+003, 8.471408e-008, 1.001088e-005
1.542800e+003, 8.810241e-008, 9.941957e-006
1.542810e+003, 8.784391e-008, 9.554751e-006
1.542820e+003, 8.943829e-008, 9.814215e-006
1.542830e+003, 9.088202e-008, 9.688918e-006
1.542840e+003, 8.999199e-008, 9.524452e-006
1.542850e+003, 9.053677e-008, 9.730701e-006
1.542860e+003, 8.733755e-008, 9.888201e-006
1.542870e+003, 8.928910e-008, 9.770282e-006
1.542880e+003, 8.661383e-008, 9.612927e-006
1.542890e+003, 9.308511e-008, 9.872170e-006
1.542900e+003, 8.705427e-008, 9.684471e-006
1.542910e+003, 8.915403e-008, 9.979532e-006
1.542920e+003, 8.723445e-008, 9.644203e-006
1.542930e+003, 8.744339e-008, 9.826430e-006
1.542940e+003, 8.975282e-008, 9.608506e-006
1.542950e+003, 9.153658e-008, 9.756160e-006
1.542960e+003, 9.244320e-008, 9.719729e-006
1.542970e+003, 9.096825e-008, 9.787410e-006
1.542980e+003, 9.296789e-008, 9.520274e-006
1.542990e+003, 9.057865e-008, 9.618742e-006
1.543000e+003, 9.112441e-008, 9.855287e-006
1.543010e+003, 8.983066e-008, 9.622261e-006
1.543020e+003, 8.942838e-008, 9.834348e-006
1.543030e+003, 8.940012e-008, 9.997345e-006
1.543040e+003, 8.986733e-008, 9.683225e-006
1.543050e+003, 8.949903e-008, 9.828727e-006
1.543060e+003, 8.983957e-008, 9.666291e-006
1.543070e+003, 9.231209e-008, 9.628541e-006
1.543080e+003, 9.261570e-008, 9.662233e-006
1.543090e+003, 9.079676e-008, 1.002730e-005
1.543100e+003, 8.997638e-008, 9.700792e-006
1.543110e+003, 9.021456e-008, 9.758579e-006
1.543120e+003, 8.838992e-008, 1.002943e-005
1.543130e+003, 8.888016e-008, 1.006055e-005
1.543140e+003, 9.057418e-008, 9.741133e-006
1.543150e+003, 9.261421e-008, 1.000245e-005
1.543160e+003, 9.045397e-008, 9.757283e-006
1.543170e+003, 9.392556e-008, 9.952510e-006
1.543180e+003, 9.453007e-008, 9.678801e-006
1.543190e+003, 9.689600e-008, 1.005196e-005
1.543200e+003, 9.690343e-008, 9.832612e-006
1.543210e+003, 9.737361e-008, 9.864940e-006
1.543220e+003, 9.856448e-008, 9.882312e-006
1.543230e+003, 9.956258e-008, 9.949285e-006
1.543240e+003, 9.802518e-008, 9.954439e-006
1.543250e+003, 1.000845e-007, 9.775510e-006
1.543260e+003, 9.927582e-008, 1.002210e-005
1.543270e+003, 9.900440e-008, 1.011030e-005
1.543280e+003, 9.892239e-008, 9.741134e-006
1.543290e+003, 9.676441e-008, 9.734902e-006
1.543300e+003, 9.606150e-008, 9.865329e-006
1.543310e+003, 9.904679e-008, 9.721414e-006
1.543320e+003, 9.999680e-008, 9.952167e-006
1.543330e+003, 1.011081e-007, 1.018226e-005
1.543340e+003, 9.656462e-008, 9.828360e-006
1.543350e+003, 1.003879e-007, 9.821399e-006
1.543360e+003, 1.028995e-007, 9.671301e-006
1.543370e+003, 1.008229e-007, 9.942174e-006
1.543380e+003, 9.881209e-008, 9.641857e-006
1.543390e+003, 9.949614e-008, 9.855482e-006
1.543400e+003, 9.927879e-008, 1.001057e-005
1.543410e+003, 9.946988e-008, 9.958569e-006
1.543420e+003, 1.008487e-007, 9.717603e-006
1.543430e+003, 9.932391e-008, 9.602005e-006
1.543440e+003, 1.019868e-007, 9.513970e-006
1.543450e+003, 1.048320e-007, 9.674087e-006
1.543460e+003, 1.044974e-007, 9.886292e-006
1.543470e+003, 1.022896e-007, 9.757308e-006
1.543480e+003, 1.041495e-007, 9.559123e-006
1.543490e+003, 1.019454e-007, 9.513701e-006
1.543500e+003, 1.018913e-007, 9.611925e-006
1.543510e+003, 1.013585e-007, 9.765787e-006
1.543520e+003, 1.016167e-007, 9.975478e-006
1.543530e+003, 1.029757e-007, 9.960330e-006
1.543540e+003, 1.021303e-007, 9.683175e-006
1.543550e+003, 1.001520e-007, 9.729308e-006
1.543560e+003, 1.005909e-007, 9.922873e-006
1.543570e+003, 9.797463e-008, 9.624949e-006
1.543580e+003, 9.881482e-008, 9.534323e-006
1.543590e+003, 9.914767e-008, 9.860298e-006
1.543600e+003, 9.903541e-008, 9.814068e-006
1.543610e+003, 9.905005e-008, 9.851035e-006
1.543620e+003, 1.002052e-007, 9.732948e-006
1.543630e+003, 9.995960e-008, 9.883654e-006
1.543640e+003, 9.807574e-008, 9.641832e-006
1.543650e+003, 1.009386e-007, 1.000998e-005
1.543660e+003, 9.858284e-008, 9.655346e-006
1.543670e+003, 9.702364e-008, 9.681979e-006
1.543680e+003, 9.650117e-008, 9.901003e-006
1.543690e+003, 9.834542e-008, 9.882214e-006
1.543700e+003, 9.811342e-008, 1.000340e-005
1.543710e+003, 9.831368e-008, 9.673721e-006
1.543720e+003, 9.874963e-008, 9.876327e-006
1.543730e+003, 9.768044e-008, 9.880162e-006
1.543740e+003, 9.920296e-008, 9.819173e-006
1.543750e+003, 1.036020e-007, 9.927734e-006
1.543760e+003, 9.783608e-008, 9.859735e-006
1.543770e+003, 9.831318e-008, 9.797818e-006
1.543780e+003, 9.889067e-008, 9.903569e-006
1.543790e+003, 9.798850e-008, 9.725615e-006
1.543800e+003, 9.408986e-008, 9.585196e-006
1.543810e+003, 9.795008e-008, 9.765175e-006
1.543820e+003, 9.742987e-008, 9.884850e-006
1.543830e+003, 9.463043e-008, 9.643422e-006
1.543840e+003, 9.788837e-008, 9.852578e-006
1.543850e+003, 9.903144e-008, 9.702893e-006
1.543860e+003, 9.762367e-008, 9.712448e-006
1.543870e+003, 9.839893e-008, 9.619524e-006
1.543880e+003, 1.005061e-007, 9.735243e-006
1.543890e+003, 9.964908e-008, 9.755425e-006
1.543900e+003, 1.004110e-007, 9.720412e-006
1.543910e+003, 1.023541e-007, 9.643349e-006
1.543920e+003, 1.004516e-007, 9.550499e-006
1.543930e+003, 1.009337e-007, 9.925583e-006
1.543940e+003, 9.872163e-008, 9.650482e-006
1.543950e+003, 9.899873e-008, 9.582142e-006
1.543960e+003, 1.003827e-007, 9.742012e-006
1.543970e+003, 9.887406e-008, 9.917861e-006
1.543980e+003, 1.005183e-007, 9.623752e-006
1.543990e+003, 9.942106e-008, 9.650752e-006
1.544000e+003, 9.861852e-008, 9.789022e-006
1.544010e+003, 1.002707e-007, 9.770233e-006
1.544020e+003, 9.993185e-008, 9.520837e-006
1.544030e+003, 9.712079e-008, 9.897925e-006
1.544040e+003, 1.010033e-007, 9.961672e-006
1.544050e+003, 9.793175e-008, 1.008365e-005
1.544060e+003, 9.875782e-008, 9.745678e-006
1.544070e+003, 9.870455e-008, 9.864573e-006
1.544080e+003, 9.953654e-008, 9.761852e-006
1.544090e+003, 9.672004e-008, 9.784013e-006
1.544100e+003, 9.543074e-008, 9.927466e-006
1.544110e+003, 9.516950e-008, 9.993389e-006
1.544120e+003, 9.709602e-008, 9.972814e-006
1.544130e+003, 9.626919e-008, 9.882311e-006
1.544140e+003, 9.243848e-008, 9.633917e-006
1.544150e+003, 8.956321e-008, 9.829094e-006
1.544160e+003, 9.371538e-008, 9.874127e-006
1.544170e+003, 9.398206e-008, 9.774461e-006
1.544180e+003, 9.437390e-008, 9.762197e-006
1.544190e+003, 9.631628e-008, 9.804367e-006
1.544200e+003, 9.350844e-008, 1.007424e-005
1.544210e+003, 9.767373e-008, 9.861324e-006
1.544220e+003, 9.495239e-008, 1.008538e-005
1.544230e+003, 9.362295e-008, 9.921161e-006
1.544240e+003, 9.420192e-008, 9.822816e-006
1.544250e+003, 9.570608e-008, 9.694831e-006
1.544260e+003, 9.183571e-008, 9.843805e-006
1.544270e+003, 9.332553e-008, 1.000175e-005
1.544280e+003, 9.380834e-008, 9.845318e-006
1.544290e+003, 9.527383e-008, 9.984151e-006
1.544300e+003, 9.904977e-008, 1.006420e-005
1.544310e+003, 1.003245e-007, 9.935725e-006
1.544320e+003, 9.838705e-008, 1.004990e-005
1.544330e+003, 1.036734e-007, 9.697567e-006
1.544340e+003, 1.040721e-007, 9.728305e-006
1.544350e+003, 1.022809e-007, 9.692266e-006
1.544360e+003, 1.017758e-007, 9.586808e-006
1.544370e+003, 1.016073e-007, 9.891472e-006
1.544380e+003, 1.038377e-007, 9.891692e-006
1.544390e+003, 1.019052e-007, 9.771602e-006
1.544400e+003, 1.039710e-007, 9.960499e-006
1.544410e+003, 1.009840e-007, 9.690359e-006
1.544420e+003, 1.030602e-007, 9.753082e-006
1.544430e+003, 1.060732e-007, 9.621211e-006
1.544440e+003, 1.035445e-007, 9.728232e-006
1.544450e+003, 1.008110e-007, 9.555336e-006
1.544460e+003, 9.894891e-008, 9.555240e-006
1.544470e+003, 1.004595e-007, 9.936751e-006
1.544480e+003, 1.002328e-007, 9.863447e-006
1.544490e+003, 1.010725e-007, 9.922432e-006
1.544500e+003, 1.026215e-007, 9.653072e-006
1.544510e+003, 1.007904e-007, 9.752762e-006
1.544520e+003, 1.025818e-007, 9.552847e-006
1.544530e+003, 1.017744e-007, 9.991604e-006
1.544540e+003, 9.967014e-008, 9.779739e-006
1.544550e+003, 1.009607e-007, 9.909850e-006
1.544560e+003, 1.013148e-007, 9.718725e-006
1.544570e+003, 9.849485e-008, 9.860809e-006
1.544580e+003, 9.492064e-008, 9.498161e-006
1.544590e+003, 9.412484e-008, 9.757966e-006
1.544600e+003, 9.433376e-008, 9.679216e-006
1.544610e+003, 9.292698e-008, 9.612661e-006
1.544620e+003, 8.608569e-008, 9.766714e-006
1.544630e+003, 8.673778e-008, 9.644838e-006
1.544640e+003, 7.617730e-008, 9.926071e-006
1.544650e+003, 5.758138e-008, 9.937753e-006
1.544660e+003, 2.931676e-008, 9.719949e-006
1.544670e+003, 1.384273e-008, 9.850570e-006
1.544680e+003, 1.310768e-008, 9.611461e-006
1.544690e+003, 3.241509e-008, 9.746068e-006
1.544700e+003, 6.745682e-008, 9.542706e-006
1.544710e+003, 8.055598e-008, 9.676895e-006
1.544720e+003, 8.852945e-008, 9.914465e-006
1.544730e+003, 9.312205e-008, 9.752494e-006
1.544740e+003, 9.383882e-008, 9.934599e-006
1.544750e+003, 9.485250e-008, 9.846343e-006
1.544760e+003, 9.861653e-008, 9.882826e-006
1.544770e+003, 1.008090e-007, 9.620624e-006
1.544780e+003, 1.020775e-007, 1.000108e-005
1.544790e+003, 9.783384e-008, 9.650166e-006
1.544800e+003, 1.008288e-007, 9.807471e-006
1.544810e+003, 1.026837e-007, 9.610604e-006
1.544820e+003, 1.008672e-007, 9.813604e-006
1.544830e+003, 1.008320e-007, 9.927782e-006
1.544840e+003, 9.997994e-008, 9.581432e-006
1.544850e+003, 9.891075e-008, 9.467788e-006
1.544860e+003, 9.981564e-008, 9.927660e-006
1.544870e+003, 9.855979e-008, 9.652437e-006
1.544880e+003, 9.998663e-008, 9.578842e-006
1.544890e+003, 1.061753e-007, 9.791881e-006
1.544900e+003, 1.064512e-007, 9.971862e-006
1.544910e+003, 1.036723e-007, 9.757919e-006
1.544920e+003, 1.033846e-007, 9.611950e-006
1.544930e+003, 1.042308e-007, 9.829803e-006
1.544940e+003, 1.060066e-007, 9.694807e-006
1.544950e+003, 1.043302e-007, 9.803243e-006
1.544960e+003, 1.026044e-007, 1.004560e-005
1.544970e+003, 1.041477e-007, 9.830950e-006
1.544980e+003, 1.016165e-007, 9.751835e-006
1.544990e+003, 1.025340e-007, 9.640074e-006
1.545000e+003, 1.002338e-007, 9.672620e-006
1.545010e+003, 1.037232e-007, 1.004191e-005
1.545020e+003, 1.040163e-007, 9.776099e-006
1.545030e+003, 1.032270e-007, 1.001264e-005
1.545040e+003, 1.058671e-007, 9.911387e-006
1.545050e+003, 1.063456e-007, 9.817390e-006
1.545060e+003, 1.041869e-007, 9.898805e-006
1.545070e+003, 1.036198e-007, 9.990064e-006
1.545080e+003, 9.945948e-008, 9.846003e-006
1.545090e+003, 9.668509e-008, 9.999863e-006
1.545100e+003, 9.848566e-008, 9.865159e-006
1.545110e+003, 9.859276e-008, 9.738542e-006
1.545120e+003, 9.641964e-008, 9.704481e-006
1.545130e+003, 9.493949e-008, 1.008367e-005
1.545140e+003, 9.423463e-008, 9.925070e-006
1.545150e+003, 9.661743e-008, 9.950041e-006
1.545160e+003, 9.543542e-008, 9.932304e-006
1.545170e+003, 9.406362e-008, 9.864059e-006
1.545180e+003, 9.294037e-008, 9.739300e-006
1.545190e+003, 9.541833e-008, 9.763537e-006
1.545200e+003, 9.593955e-008, 9.839820e-006
1.545210e+003, 9.425617e-008, 1.008492e-005
1.545220e+003, 9.561538e-008, 9.787975e-006
1.545230e+003, 9.772577e-008, 1.005261e-005
1.545240e+003, 1.006392e-007, 9.875228e-006
1.545250e+003, 9.968377e-008, 9.903496e-006
1.545260e+003, 9.782790e-008, 9.747264e-006
1.545270e+003, 9.524807e-008, 9.949481e-006
1.545280e+003, 9.541363e-008, 9.933527e-006
1.545290e+003, 9.366012e-008, 9.711518e-006
1.545300e+003, 9.432559e-008, 9.936946e-006
1.545310e+003, 9.569716e-008, 9.788169e-006
1.545320e+003, 9.604140e-008, 9.927831e-006
1.545330e+003, 9.626051e-008, 9.910336e-006
1.545340e+003, 9.426088e-008, 9.901175e-006
1.545350e+003, 9.789506e-008, 9.977408e-006
1.545360e+003, 9.644344e-008, 9.862300e-006
1.545370e+003, 9.710021e-008, 9.998203e-006
1.545380e+003, 9.600127e-008, 9.630716e-006
1.545390e+003, 9.732502e-008, 1.000060e-005
1.545400e+003, 9.646301e-008, 9.733019e-006
1.545410e+003, 9.677778e-008, 1.000793e-005
1.545420e+003, 9.763482e-008, 9.653683e-006
1.545430e+003, 9.796124e-008, 9.653048e-006
1.545440e+003, 9.925253e-008, 9.665240e-006
1.545450e+003, 9.845718e-008, 9.817513e-006
1.545460e+003, 9.892038e-008, 9.723051e-006
1.545470e+003, 9.668385e-008, 9.859245e-006
1.545480e+003, 9.636537e-008, 9.686988e-006
1.545490e+003, 9.386682e-008, 9.833540e-006
1.545500e+003, 9.504281e-008, 9.676357e-006
1.545510e+003, 9.348167e-008, 9.972961e-006
1.545520e+003, 9.311584e-008, 9.743405e-006
1.545530e+003, 9.312031e-008, 9.693291e-006
1.545540e+003, 9.147956e-008, 9.702403e-006
1.545550e+003, 9.341996e-008, 9.817903e-006
1.545560e+003, 9.366607e-008, 9.936261e-006
1.545570e+003, 9.367574e-008, 9.761437e-006
1.545580e+003, 9.184836e-008, 9.812161e-006
1.545590e+003, 9.165701e-008, 9.935652e-006
1.545600e+003, 9.141513e-008, 9.727277e-006
1.545610e+003, 9.364353e-008, 9.656273e-006
1.545620e+003, 9.154400e-008, 9.642395e-006
1.545630e+003, 9.084732e-008, 9.890400e-006
1.545640e+003, 8.970946e-008, 9.936723e-006
1.545650e+003, 8.984701e-008, 9.943469e-006
1.545660e+003, 9.002173e-008, 9.953291e-006
1.545670e+003, 8.626363e-008, 9.874564e-006
1.545680e+003, 8.891088e-008, 9.762926e-006
1.545690e+003, 9.065646e-008, 9.601077e-006
1.545700e+003, 9.078585e-008, 9.817415e-006
1.545710e+003, 9.090977e-008, 9.929468e-006
1.545720e+003, 9.109268e-008, 9.909676e-006
1.545730e+003, 9.049759e-008, 9.630593e-006
1.545740e+003, 9.124163e-008, 9.794863e-006
1.545750e+003, 8.967004e-008, 9.926805e-006
1.545760e+003, 8.809076e-008, 9.783231e-006
1.545770e+003, 9.142107e-008, 9.961992e-006
1.545780e+003, 9.032806e-008, 9.827579e-006
1.545790e+003, 8.848931e-008, 9.717554e-006
1.545800e+003, 8.973943e-008, 9.647967e-006
1.545810e+003, 8.825780e-008, 9.511186e-006
1.545820e+003, 8.973323e-008, 9.697740e-006
1.545830e+003, 9.002397e-008, 9.788217e-006
1.545840e+003, 8.889727e-008, 9.859393e-006
1.545850e+003, 9.188405e-008, 9.676235e-006
1.545860e+003, 9.239810e-008, 9.676724e-006
1.545870e+003, 9.397933e-008, 9.747216e-006
1.545880e+003, 9.266378e-008, 9.727059e-006
1.545890e+003, 9.163522e-008, 9.929639e-006
1.545900e+003, 9.022744e-008, 9.814629e-006
1.545910e+003, 8.899466e-008, 9.932817e-006
1.545920e+003, 8.870592e-008, 9.713694e-006
1.545930e+003, 8.776163e-008, 9.840530e-006
1.545940e+003, 8.665994e-008, 9.740179e-006
1.545950e+003, 8.875698e-008, 9.761534e-006
1.545960e+003, 8.823948e-008, 9.784405e-006
1.545970e+003, 9.055064e-008, 9.722196e-006
1.545980e+003, 9.181814e-008, 1.002755e-005
1.545990e+003, 9.229620e-008, 9.973500e-006
1.546000e+003, 9.085998e-008, 9.655761e-006
1.546010e+003, 9.137621e-008, 9.681856e-006
1.546020e+003, 9.204020e-008, 1.002911e-005
1.546030e+003, 8.908736e-008, 9.673182e-006
1.546040e+003, 9.157225e-008, 1.003561e-005
1.546050e+003, 9.366779e-008, 9.664606e-006
1.546060e+003, 9.083688e-008, 9.857193e-006
1.546070e+003, 9.062425e-008, 9.794080e-006
1.546080e+003, 9.195245e-008, 9.623337e-006
1.546090e+003, 9.264965e-008, 9.878770e-006
1.546100e+003, 9.169296e-008, 9.986397e-006
1.546110e+003, 9.342442e-008, 9.957371e-006
1.546120e+003, 9.226723e-008, 9.763879e-006
1.546130e+003, 9.211477e-008, 9.828070e-006
1.546140e+003, 9.102403e-008, 9.832026e-006
1.546150e+003, 9.033500e-008, 9.777906e-006
1.546160e+003, 8.845484e-008, 9.757308e-006
1.546170e+003, 8.830838e-008, 9.990260e-006
1.546180e+003, 9.046214e-008, 9.903812e-006
1.546190e+003, 8.886181e-008, 1.001005e-005
1.546200e+003, 8.864470e-008, 9.866918e-006
1.546210e+003, 8.867021e-008, 9.713180e-006
1.546220e+003, 8.982270e-008, 1.005604e-005
1.546230e+003, 9.084012e-008, 9.811282e-006
1.546240e+003, 9.195172e-008, 9.707535e-006
1.546250e+003, 9.099278e-008, 9.785967e-006
1.546260e+003, 9.203004e-008, 9.665755e-006
1.546270e+003, 9.391121e-008, 1.009655e-005
1.546280e+003, 9.395803e-008, 9.779616e-006
1.546290e+003, 9.559977e-008, 9.870290e-006
1.546300e+003, 9.376743e-008, 9.886978e-006
1.546310e+003, 9.449288e-008, 9.974305e-006
1.546320e+003, 9.344127e-008, 9.951558e-006
1.546330e+003, 9.388144e-008, 9.680804e-006
1.546340e+003, 9.303851e-008, 1.004964e-005
1.546350e+003, 9.517173e-008, 9.957007e-006
1.546360e+003, 9.187536e-008, 9.999912e-006
1.546370e+003, 9.295697e-008, 9.711814e-006
1.546380e+003, 9.437936e-008, 9.901174e-006
1.546390e+003, 9.342143e-008, 9.728867e-006
1.546400e+003, 9.360385e-008, 9.605745e-006
1.546410e+003, 9.512859e-008, 9.873321e-006
1.546420e+003, 9.474570e-008, 1.004055e-005
1.546430e+003, 9.385121e-008, 9.839357e-006
1.546440e+003, 9.295029e-008, 9.925901e-006
1.546450e+003, 9.441554e-008, 9.853430e-006
1.546460e+003, 9.395481e-008, 9.758236e-006
1.546470e+003, 9.490181e-008, 9.683760e-006
1.546480e+003, 9.791836e-008, 9.853601e-006
1.546490e+003, 9.605035e-008, 9.841484e-006
1.546500e+003, 9.471520e-008, 9.685789e-006
1.546510e+003, 9.570336e-008, 9.791148e-006
1.546520e+003, 9.555615e-008, 9.557095e-006
1.546530e+003, 9.695127e-008, 9.669345e-006
1.546540e+003, 9.762046e-008, 9.887148e-006
1.546550e+003, 9.607017e-008, 9.842656e-006
1.546560e+003, 9.908324e-008, 9.930470e-006
1.546570e+003, 9.694456e-008, 9.855971e-006
1.546580e+003, 9.879922e-008, 9.667880e-006
1.546590e+003, 9.771462e-008, 9.838085e-006
1.546600e+003, 9.730148e-008, 9.756086e-006
1.546610e+003, 9.745487e-008, 9.784625e-006
1.546620e+003, 9.699638e-008, 9.832881e-006
1.546630e+003, 9.558167e-008, 9.803145e-006
1.546640e+003, 9.698349e-008, 9.722367e-006
1.546650e+003, 9.646104e-008, 9.683346e-006
1.546660e+003, 9.923193e-008, 1.004511e-005
1.546670e+003, 9.767871e-008, 9.904960e-006
1.546680e+003, 9.612445e-008, 1.004067e-005
1.546690e+003, 9.665534e-008, 1.006256e-005
1.546700e+003, 9.527682e-008, 9.742305e-006
1.546710e+003, 9.818976e-008, 9.664606e-006
1.546720e+003, 9.678792e-008, 9.838453e-006
1.546730e+003, 9.552070e-008, 9.981879e-006
1.546740e+003, 9.659956e-008, 1.000270e-005
1.546750e+003, 9.568056e-008, 9.885437e-006
1.546760e+003, 9.550730e-008, 9.685546e-006
1.546770e+003, 9.601416e-008, 9.747437e-006
1.546780e+003, 9.540546e-008, 9.807080e-006
1.546790e+003, 9.816669e-008, 1.002051e-005
1.546800e+003, 9.934570e-008, 9.652218e-006
1.546810e+003, 9.817735e-008, 9.892867e-006
1.546820e+003, 1.001904e-007, 9.755207e-006
1.546830e+003, 1.027085e-007, 9.837352e-006
1.546840e+003, 1.017221e-007, 9.956542e-006
1.546850e+003, 1.023020e-007, 9.645571e-006
1.546860e+003, 1.027637e-007, 9.587516e-006
1.546870e+003, 1.050358e-007, 9.868531e-006
1.546880e+003, 1.041958e-007, 9.705484e-006
1.546890e+003, 1.044583e-007, 9.600638e-006
1.546900e+003, 1.059632e-007, 9.683103e-006
1.546910e+003, 1.052650e-007, 9.576766e-006
1.546920e+003, 1.070463e-007, 9.875885e-006
1.546930e+003, 1.051696e-007, 9.776563e-006
1.546940e+003, 1.059243e-007, 9.982564e-006
1.546950e+003, 1.046340e-007, 9.645374e-006
1.546960e+003, 1.025727e-007, 9.934086e-006
1.546970e+003, 1.031799e-007, 9.665704e-006
1.546980e+003, 1.045081e-007, 9.888859e-006
1.546990e+003, 1.059112e-007, 9.629201e-006
1.547000e+003, 1.063042e-007, 9.899291e-006
1.547010e+003, 1.087733e-007, 9.790197e-006
1.547020e+003, 1.105595e-007, 9.394268e-006
1.547030e+003, 1.116763e-007, 9.451956e-006
1.547040e+003, 1.137513e-007, 9.584341e-006
1.547050e+003, 1.125435e-007, 9.869653e-006
1.547060e+003, 1.089760e-007, 9.773408e-006
1.547070e+003, 1.126816e-007, 9.628516e-006
1.547080e+003, 1.114517e-007, 9.635015e-006
1.547090e+003, 1.092950e-007, 9.960501e-006
1.547100e+003, 1.088764e-007, 9.945570e-006
1.547110e+003, 1.083943e-007, 9.883460e-006
1.547120e+003, 1.062386e-007, 9.848422e-006
1.547130e+003, 1.064619e-007, 9.894137e-006
1.547140e+003, 1.043678e-007, 1.000773e-005
1.547150e+003, 1.032371e-007, 9.753570e-006
1.547160e+003, 1.022324e-007, 9.731480e-006
1.547170e+003, 1.024445e-007, 9.867945e-006
1.547180e+003, 1.022708e-007, 9.670835e-006
1.547190e+003, 1.018598e-007, 9.794177e-006
1.547200e+003, 1.016053e-007, 9.784038e-006
1.547210e+003, 1.002432e-007, 9.907406e-006
1.547220e+003, 1.009205e-007, 9.749539e-006
1.547230e+003, 9.908126e-008, 9.859322e-006
1.547240e+003, 9.255671e-008, 9.932230e-006
1.547250e+003, 9.206870e-008, 9.646425e-006
1.547260e+003, 9.322788e-008, 9.661428e-006
1.547270e+003, 9.240625e-008, 9.853675e-006
1.547280e+003, 9.552244e-008, 9.822496e-006
1.547290e+003, 9.703580e-008, 9.702650e-006
1.547300e+003, 9.196213e-008, 9.661846e-006
1.547310e+003, 9.724421e-008, 9.714159e-006
1.547320e+003, 9.529143e-008, 9.944912e-006
1.547330e+003, 1.001371e-007, 9.696221e-006
1.547340e+003, 1.001229e-007, 9.734048e-006
1.547350e+003, 9.915660e-008, 9.736390e-006
1.547360e+003, 1.009798e-007, 9.820345e-006
1.547370e+003, 9.751363e-008, 9.700793e-006
1.547380e+003, 9.758130e-008, 9.802337e-006
1.547390e+003, 9.791390e-008, 9.661891e-006
1.547400e+003, 9.724150e-008, 9.688013e-006
1.547410e+003, 9.847155e-008, 9.763074e-006
1.547420e+003, 9.856448e-008, 9.884119e-006
1.547430e+003, 9.853030e-008, 9.759532e-006
1.547440e+003, 9.896254e-008, 9.713228e-006
1.547450e+003, 9.955144e-008, 9.988599e-006
1.547460e+003, 9.891372e-008, 9.737542e-006
1.547470e+003, 9.845545e-008, 9.832783e-006
1.547480e+003, 9.896699e-008, 9.821690e-006
1.547490e+003, 9.750694e-008, 9.623408e-006
1.547500e+003, 1.008397e-007, 9.924849e-006
1.547510e+003, 1.003321e-007, 9.966022e-006
1.547520e+003, 9.933778e-008, 9.661086e-006
1.547530e+003, 9.936554e-008, 9.576888e-006
1.547540e+003, 1.006033e-007, 9.997836e-006
1.547550e+003, 1.027040e-007, 9.969493e-006
1.547560e+003, 1.057245e-007, 9.740668e-006
1.547570e+003, 1.057816e-007, 9.816877e-006
1.547580e+003, 1.052747e-007, 9.728499e-006
1.547590e+003, 1.062490e-007, 9.991825e-006
1.547600e+003, 1.097525e-007, 9.985715e-006
1.547610e+003, 1.046337e-007, 1.011487e-005
1.547620e+003, 1.003753e-007, 9.668711e-006
1.547630e+003, 1.003698e-007, 9.809985e-006
1.547640e+003, 9.985528e-008, 1.008751e-005
1.547650e+003, 9.933529e-008, 9.956542e-006
1.547660e+003, 9.978564e-008, 9.741354e-006
1.547670e+003, 1.004660e-007, 1.003898e-005
1.547680e+003, 9.548378e-008, 9.956712e-006
1.547690e+003, 9.365218e-008, 1.009225e-005
1.547700e+003, 9.440787e-008, 1.006970e-005
1.547710e+003, 9.481484e-008, 9.727107e-006
1.547720e+003, 9.096355e-008, 9.862764e-006
1.547730e+003, 8.994813e-008, 9.742817e-006
1.547740e+003, 8.923334e-008, 1.016423e-005
1.547750e+003, 9.086343e-008, 9.877742e-006
1.547760e+003, 8.938230e-008, 1.004265e-005
1.547770e+003, 8.972235e-008, 1.003519e-005
1.547780e+003, 8.913123e-008, 9.763343e-006
1.547790e+003, 8.822040e-008, 9.747047e-006
1.547800e+003, 8.492503e-008, 9.647918e-006
1.547810e+003, 7.624197e-008, 9.902150e-006
1.547820e+003, 5.211713e-008, 1.001601e-005
1.547830e+003, 2.569299e-008, 9.745921e-006
1.547840e+003, 2.765469e-008, 1.017388e-005
1.547850e+003, 4.266376e-008, 9.978265e-006
1.547860e+003, 5.268892e-008, 9.949188e-006
1.547870e+003, 4.998490e-008, 1.001428e-005
1.547880e+003, 3.601728e-008, 9.894698e-006
1.547890e+003, 2.417123e-008, 9.726252e-006
1.547900e+003, 4.340557e-008, 9.694930e-006
1.547910e+003, 6.863111e-008, 9.997906e-006
1.547920e+003, 7.713250e-008, 9.628933e-006
1.547930e+003, 8.734225e-008, 9.617569e-006
1.547940e+003, 9.056553e-008, 9.760776e-006
1.547950e+003, 9.523642e-008, 9.810574e-006
1.547960e+003, 9.557078e-008, 9.559514e-006
1.547970e+003, 9.773049e-008, 9.690873e-006
1.547980e+003, 9.873923e-008, 9.599270e-006
1.547990e+003, 1.028510e-007, 9.555728e-006
1.548000e+003, 1.025630e-007, 9.708193e-006
1.548010e+003, 1.014179e-007, 9.539701e-006
1.548020e+003, 1.045973e-007, 9.701647e-006
1.548030e+003, 1.042766e-007, 9.793518e-006
1.548040e+003, 1.027429e-007, 9.458481e-006
1.548050e+003, 1.043589e-007, 9.486750e-006
1.548060e+003, 1.034719e-007, 9.661135e-006
1.548070e+003, 1.029226e-007, 9.677653e-006
1.548080e+003, 1.049508e-007, 9.567408e-006
1.548090e+003, 1.022254e-007, 9.702161e-006
1.548100e+003, 1.071286e-007, 9.551010e-006
1.548110e+003, 1.053530e-007, 9.775779e-006
1.548120e+003, 1.056799e-007, 9.519859e-006
1.548130e+003, 1.040982e-007, 9.426130e-006
1.548140e+003, 1.037113e-007, 9.684862e-006
1.548150e+003, 1.029182e-007, 9.777929e-006
1.548160e+003, 1.028034e-007, 9.585096e-006
1.548170e+003, 1.006112e-007, 9.764173e-006
1.548180e+003, 1.023444e-007, 9.458506e-006
1.548190e+003, 1.011354e-007, 9.903179e-006
1.548200e+003, 1.000456e-007, 9.881140e-006
1.548210e+003, 1.015974e-007, 9.529585e-006
1.548220e+003, 1.015565e-007, 9.526675e-006
1.548230e+003, 1.001790e-007, 9.813773e-006
1.548240e+003, 1.041410e-007, 9.706241e-006
1.548250e+003, 9.930011e-008, 9.629031e-006
1.548260e+003, 1.011971e-007, 9.653023e-006
1.548270e+003, 1.013877e-007, 9.909531e-006
1.548280e+003, 9.834466e-008, 9.568139e-006
1.548290e+003, 9.992668e-008, 9.814533e-006
1.548300e+003, 9.876351e-008, 9.644838e-006
1.548310e+003, 9.494099e-008, 9.553310e-006
1.548320e+003, 9.265015e-008, 9.862616e-006
1.548330e+003, 9.244792e-008, 9.951847e-006
1.548340e+003, 9.466439e-008, 9.971813e-006
1.548350e+003, 9.246970e-008, 9.811844e-006
1.548360e+003, 9.332254e-008, 9.911927e-006
1.548370e+003, 9.246251e-008, 9.713427e-006
1.548380e+003, 9.326257e-008, 9.606502e-006
1.548390e+003, 9.681892e-008, 9.732213e-006
1.548400e+003, 9.803957e-008, 9.634675e-006
1.548410e+003, 1.037363e-007, 9.622849e-006
1.548420e+003, 1.049827e-007, 9.725790e-006
1.548430e+003, 1.024334e-007, 9.761658e-006
1.548440e+003, 1.017862e-007, 9.911877e-006
1.548450e+003, 1.032922e-007, 9.983247e-006
1.548460e+003, 1.046610e-007, 9.791467e-006
1.548470e+003, 1.056108e-007, 9.942026e-006
1.548480e+003, 1.050891e-007, 9.960673e-006
1.548490e+003, 1.051173e-007, 9.913660e-006
1.548500e+003, 1.049693e-007, 1.006735e-005
1.548510e+003, 1.067952e-007, 9.733874e-006
1.548520e+003, 1.098896e-007, 1.000949e-005
1.548530e+003, 1.113067e-007, 9.927221e-006
1.548540e+003, 1.097682e-007, 9.853163e-006
1.548550e+003, 1.116052e-007, 9.664825e-006
1.548560e+003, 1.118295e-007, 9.788830e-006
1.548570e+003, 1.115653e-007, 9.968930e-006
1.548580e+003, 1.107062e-007, 1.012611e-005
1.548590e+003, 1.135252e-007, 9.740032e-006
1.548600e+003, 1.154267e-007, 9.774533e-006
1.548610e+003, 1.124560e-007, 9.732361e-006
1.548620e+003, 1.131602e-007, 9.794617e-006
1.548630e+003, 1.133408e-007, 9.784087e-006
1.548640e+003, 1.104879e-007, 1.001687e-005
1.548650e+003, 1.113162e-007, 9.851402e-006
1.548660e+003, 1.114339e-007, 9.953046e-006
1.548670e+003, 1.079995e-007, 1.008619e-005
1.548680e+003, 1.117598e-007, 9.864059e-006
1.548690e+003, 1.110312e-007, 1.010828e-005
1.548700e+003, 1.109327e-007, 1.004883e-005
1.548710e+003, 1.136829e-007, 1.001096e-005
1.548720e+003, 1.117417e-007, 9.792834e-006
1.548730e+003, 1.104264e-007, 9.965167e-006
1.548740e+003, 1.111556e-007, 9.927197e-006
1.548750e+003, 1.108371e-007, 1.009721e-005
1.548760e+003, 1.113318e-007, 9.720657e-006
1.548770e+003, 1.108626e-007, 1.003588e-005
1.548780e+003, 1.084079e-007, 9.814482e-006
1.548790e+003, 1.069062e-007, 1.008340e-005
1.548800e+003, 1.065219e-007, 9.692337e-006
1.548810e+003, 1.063555e-007, 1.003503e-005
1.548820e+003, 1.048791e-007, 9.711372e-006
1.548830e+003, 1.041668e-007, 9.923508e-006
1.548840e+003, 1.044776e-007, 9.893038e-006
1.548850e+003, 1.032671e-007, 1.007253e-005
1.548860e+003, 1.046647e-007, 9.648236e-006
1.548870e+003, 1.069811e-007, 9.828411e-006
1.548880e+003, 1.061342e-007, 9.697541e-006
1.548890e+003, 1.070443e-007, 9.978093e-006
1.548900e+003, 1.111816e-007, 9.863496e-006
1.548910e+003, 1.169470e-007, 9.913269e-006
1.548920e+003, 1.149365e-007, 9.813456e-006
1.548930e+003, 1.163589e-007, 9.903251e-006
1.548940e+003, 1.115608e-007, 9.911754e-006
1.548950e+003, 1.129718e-007, 9.917399e-006
1.548960e+003, 1.106713e-007, 9.581066e-006
1.548970e+003, 1.099699e-007, 9.898000e-006
1.548980e+003, 1.133879e-007, 9.639121e-006
1.548990e+003, 1.119822e-007, 9.634502e-006
1.549000e+003, 1.130662e-007, 9.895041e-006
1.549010e+003, 1.176831e-007, 9.964461e-006
1.549020e+003, 1.180167e-007, 9.586586e-006
1.549030e+003, 1.178888e-007, 9.692143e-006
1.549040e+003, 1.182524e-007, 9.486799e-006
1.549050e+003, 1.185045e-007, 9.543192e-006
1.549060e+003, 1.207101e-007, 9.616910e-006
1.549070e+003, 1.177171e-007, 9.446898e-006
1.549080e+003, 1.171921e-007, 9.618304e-006
1.549090e+003, 1.171203e-007, 9.771698e-006
1.549100e+003, 1.131282e-007, 9.723954e-006
1.549110e+003, 1.150346e-007, 9.517514e-006
1.549120e+003, 1.133562e-007, 9.934844e-006
1.549130e+003, 1.127911e-007, 9.698007e-006
1.549140e+003, 1.127130e-007, 9.724370e-006
1.549150e+003, 1.125160e-007, 1.001741e-005
1.549160e+003, 1.120419e-007, 9.855508e-006
1.549170e+003, 1.085475e-007, 9.625879e-006
1.549180e+003, 1.098911e-007, 9.814654e-006
1.549190e+003, 1.115578e-007, 9.566772e-006
1.549200e+003, 1.081886e-007, 9.817440e-006
1.549210e+003, 1.090330e-007, 9.605621e-006
1.549220e+003, 1.084022e-007, 9.773264e-006
1.549230e+003, 1.089321e-007, 9.646061e-006
1.549240e+003, 1.092744e-007, 9.699962e-006
1.549250e+003, 1.072889e-007, 9.717406e-006
1.549260e+003, 1.093067e-007, 9.876813e-006
1.549270e+003, 1.088486e-007, 9.484552e-006
1.549280e+003, 1.095379e-007, 9.785112e-006
1.549290e+003, 1.076592e-007, 9.850082e-006
1.549300e+003, 1.103858e-007, 9.561300e-006
1.549310e+003, 1.092640e-007, 9.678703e-006
1.549320e+003, 1.101942e-007, 9.757064e-006
1.549330e+003, 1.077896e-007, 9.802779e-006
1.549340e+003, 1.053530e-007, 9.878573e-006
1.549350e+003, 1.037955e-007, 9.518833e-006
1.549360e+003, 1.055433e-007, 9.578623e-006
1.549370e+003, 1.069814e-007, 9.793910e-006
1.549380e+003, 1.090234e-007, 9.532832e-006
1.549390e+003, 1.066941e-007, 9.877032e-006
1.549400e+003, 1.075390e-007, 9.790367e-006
1.549410e+003, 1.088243e-007, 9.909680e-006
1.549420e+003, 1.065454e-007, 9.575667e-006
1.549430e+003, 1.062128e-007, 9.494179e-006
1.549440e+003, 1.045232e-007, 9.933183e-006
1.549450e+003, 1.017191e-007, 9.887323e-006
1.549460e+003, 1.004556e-007, 9.503930e-006
1.549470e+003, 9.935562e-008, 9.736977e-006
1.549480e+003, 9.853747e-008, 9.565477e-006
1.549490e+003, 9.752777e-008, 9.754351e-006
1.549500e+003, 9.640128e-008, 9.752811e-006
1.549510e+003, 9.833920e-008, 9.662846e-006
1.549520e+003, 1.000119e-007, 9.881750e-006
1.549530e+003, 1.001336e-007, 9.498722e-006
1.549540e+003, 9.836721e-008, 9.574078e-006
1.549550e+003, 1.000684e-007, 9.699423e-006
1.549560e+003, 1.009609e-007, 9.737320e-006
1.549570e+003, 9.865769e-008, 9.687599e-006
1.549580e+003, 9.935366e-008, 9.798748e-006
1.549590e+003, 1.005423e-007, 9.775267e-006
1.549600e+003, 1.000878e-007, 9.692948e-006
1.549610e+003, 9.884553e-008, 9.692852e-006
1.549620e+003, 9.841605e-008, 9.873002e-006
1.549630e+003, 9.918585e-008, 9.977358e-006
1.549640e+003, 9.996705e-008, 9.740473e-006
1.549650e+003, 9.820910e-008, 1.002452e-005
1.549660e+003, 9.509265e-008, 9.816291e-006
1.549670e+003, 9.395158e-008, 9.991286e-006
1.549680e+003, 9.529368e-008, 9.885560e-006
1.549690e+003, 9.414291e-008, 9.755474e-006
1.549700e+003, 9.267443e-008, 9.842216e-006
1.549710e+003, 9.304695e-008, 9.824574e-006
1.549720e+003, 9.563050e-008, 9.891253e-006
1.549730e+003, 9.621394e-008, 9.647258e-006
1.549740e+003, 9.614899e-008, 9.584854e-006
1.549750e+003, 9.919800e-008, 9.760778e-006
1.549760e+003, 9.720007e-008, 1.002813e-005
1.549770e+003, 9.549591e-008, 9.878084e-006
1.549780e+003, 9.652274e-008, 9.705362e-006
1.549790e+003, 9.289329e-008, 9.732875e-006
1.549800e+003, 9.418581e-008, 9.890229e-006
1.549810e+003, 9.662634e-008, 9.712080e-006
1.549820e+003, 9.682089e-008, 9.982908e-006
1.549830e+003, 9.613857e-008, 9.950213e-006
1.549840e+003, 9.642633e-008, 9.774509e-006
1.549850e+003, 9.686550e-008, 9.815876e-006
1.549860e+003, 9.466812e-008, 9.961625e-006
1.549870e+003, 9.881582e-008, 9.598145e-006
1.549880e+003, 9.995465e-008, 9.882483e-006
1.549890e+003, 9.931126e-008, 9.717676e-006
1.549900e+003, 1.011518e-007, 9.571121e-006
1.549910e+003, 1.008340e-007, 9.648919e-006
1.549920e+003, 1.003510e-007, 9.974327e-006
1.549930e+003, 1.014650e-007, 9.805930e-006
1.549940e+003, 1.018534e-007, 9.705726e-006
1.549950e+003, 1.010340e-007, 9.950360e-006
1.549960e+003, 1.033534e-007, 9.923364e-006
1.549970e+003, 1.041247e-007, 9.825842e-006
1.549980e+003, 1.054717e-007, 9.629739e-006
1.549990e+003, 1.039460e-007, 9.536986e-006
1.550000e+003, 1.005777e-007, 9.814360e-006
